0.60000,20.00000,3.14159,-3.00000,421.15500
1.19717,20.00000,3.11166,-2.98583,269.59005
1.79153,20.00000,3.08188,-2.97180,123.49339
2.38385,20.00014,3.05216,-2.97180,-29.28375
2.97212,19.99967,3.02244,-2.97180,-179.97604
3.56446,20.00026,2.99272,-2.97180,-328.47332
4.15277,20.00015,2.96300,-2.97180,-474.67359
4.73707,19.99978,2.93329,-2.97180,-618.48290
5.32944,20.00044,2.90357,-2.97180,-759.81517
5.91785,20.00086,2.87385,-2.97180,-898.59198
6.50233,20.00138,2.84413,-2.97180,-1034.74227
7.08291,20.00211,2.81441,-2.97180,-1168.20208
7.65964,20.00317,2.78470,-2.97180,-1298.91420
8.23254,20.00468,2.75498,-2.97180,-1426.82776
8.80167,20.00674,2.72526,-2.97180,-1551.89790
9.36707,20.00946,2.69554,-2.97180,-1674.08529
9.92880,20.01297,2.66582,-2.97180,-1793.35574
10.48690,20.01736,2.63610,-2.97180,-1909.67974
11.04143,20.02274,2.60639,-2.97180,-2023.03200
11.59246,20.02922,2.57667,-2.97180,-2133.39100
12.14005,20.03690,2.54695,-2.97180,-2240.73858
12.68426,20.04589,2.51723,-2.97180,-2345.05940
13.22516,20.05627,2.48751,-2.97180,-2446.34062
13.76283,20.06816,2.45780,-2.97180,-2544.57138
14.29734,20.08164,2.42808,-2.97180,-2639.74247
14.82877,20.09680,2.39836,-2.97180,-2731.84590
15.35720,20.11374,2.36864,-2.97180,-2820.87455
15.88270,20.13255,2.33892,-2.97180,-2906.82184
16.40538,20.15331,2.30921,-2.97180,-2989.68144
16.92532,20.17610,2.27949,-2.97180,-3069.44693
17.44260,20.20100,2.24977,-2.97180,-3146.11161
17.95732,20.22810,2.22005,-2.97180,-3219.66822
18.46958,20.25746,2.19033,-2.97180,-3290.10878
18.97947,20.28916,2.16062,-2.97180,-3357.42443
19.48709,20.32326,2.13090,-2.97180,-3421.60525
19.99255,20.35983,2.10118,-2.97180,-3482.64021
20.49594,20.39895,2.07146,-2.97180,-3540.51705
20.99738,20.44065,2.04174,-2.97180,-3595.22223
21.49698,20.48501,2.01203,-2.97180,-3646.74092
21.99483,20.53207,1.98231,-2.97180,-3695.05700
22.49105,20.58188,1.95259,-2.97180,-3740.15308
22.98575,20.63450,1.92287,-2.97180,-3782.01051
23.47904,20.68996,1.89315,-2.97180,-3820.60949
23.97105,20.74831,1.86344,-2.97180,-3855.92914
24.46188,20.80958,1.83372,-2.97180,-3887.94758
24.95164,20.87380,1.80400,-2.97180,-3916.64206
25.44047,20.94101,1.77428,-2.97180,-3941.98910
25.92848,21.01123,1.74456,-2.97180,-3963.96461
26.41577,21.08448,1.71485,-2.97180,-3982.54404
26.90249,21.16078,1.68513,-2.97180,-3997.70255
27.38874,21.24015,1.65541,-2.97180,-4009.41519
27.87464,21.32261,1.62569,-2.97180,-4017.65705
28.36032,21.40815,1.59597,-2.97180,-4022.40344
28.84590,21.49678,1.56626,-2.97180,-4023.63010
29.33150,21.58851,1.53654,-2.97180,-4021.31335
29.81723,21.68334,1.50682,-2.97180,-4015.43028
30.30323,21.78124,1.47710,-2.97180,-4005.95896
30.78961,21.88223,1.44738,-2.97180,-3992.87859
31.27649,21.98628,1.41767,-2.97180,-3976.16971
31.76399,22.09338,1.38795,-2.97180,-3955.81435
32.25223,22.20350,1.35823,-2.97180,-3931.79626
32.74134,22.31663,1.32851,-2.97180,-3904.10099
33.23142,22.43273,1.29879,-2.97180,-3872.71616
33.72259,22.55178,1.26908,-2.97180,-3837.63155
34.21498,22.67373,1.23936,-2.97180,-3798.83928
34.70869,22.79856,1.20964,-2.97180,-3756.33395
35.20385,22.92623,1.17992,-2.97180,-3710.11282
35.70055,23.05668,1.15020,-2.97180,-3660.17589
36.19892,23.18987,1.12048,-2.97180,-3606.52607
36.69907,23.32575,1.09077,-2.97180,-3549.16927
37.20109,23.46426,1.06105,-2.97180,-3488.11457
37.70511,23.60535,1.03133,-2.97180,-3423.37425
38.21122,23.74895,1.00161,-2.97180,-3354.96395
38.71952,23.89501,0.97189,-2.97180,-3282.90274
39.23013,24.04345,0.94218,-2.97180,-3207.21321
39.74313,24.19421,0.91246,-2.97180,-3127.92151
40.25862,24.34721,0.88274,-2.97180,-3045.05747
40.77670,24.50238,0.85302,-2.97180,-2958.65465
41.29747,24.65964,0.82330,-2.97180,-2868.75034
41.82100,24.81891,0.79359,-2.97180,-2775.38569
42.34739,24.98010,0.76387,-2.97180,-2678.60566
42.87673,25.14313,0.73415,-2.97180,-2578.45912
43.40909,25.30791,0.70443,-2.97180,-2474.99882
43.94455,25.47435,0.67471,-2.97180,-2368.28145
44.48320,25.64235,0.64500,-2.97180,-2258.36760
45.02511,25.81182,0.61528,-2.97180,-2145.32180
45.57035,25.98267,0.58556,-2.97180,-2029.21250
46.11898,26.15478,0.55584,-2.97180,-1910.11205
46.67107,26.32807,0.52612,-2.97180,-1788.09669
47.22669,26.50242,0.49641,-2.97180,-1663.24651
47.78589,26.67773,0.46669,-2.97180,-1535.64543
48.34874,26.85389,0.43697,-2.97180,-1405.38118
48.91527,27.03080,0.40725,-2.97180,-1272.54520
49.48555,27.20834,0.37753,-2.97180,-1137.23264
50.05962,27.38640,0.34782,-2.97180,-999.54229
50.63751,27.56487,0.31810,-2.97180,-859.57651
51.21928,27.74364,0.28838,-2.97180,-717.44116
51.80496,27.92258,0.25866,-2.97180,-573.24555
52.39458,28.10158,0.22894,-2.97180,-427.10232
52.98817,28.28053,0.19923,-2.97180,-279.12742
53.58575,28.45931,0.16951,-2.97180,-129.43994
54.18735,28.63779,0.13979,-2.97180,21.83788
54.79298,28.81585,0.11007,-2.97180,174.58087
55.40267,28.99339,0.08035,-2.97180,328.66090
56.01642,29.17027,0.05064,-2.97180,483.94710
56.63424,29.34637,0.02092,-2.97180,640.30590
57.25614,29.52158,-0.00880,-2.97180,797.60116
57.88211,29.69578,-0.03852,-2.97180,955.69432
58.51215,29.86883,-0.06824,-2.97180,1114.44447
59.14626,30.04063,-0.09795,-2.97180,1273.70851
59.78443,30.21104,-0.12767,-2.97180,1433.34128
60.42664,30.37996,-0.15739,-2.97180,1593.19566
61.07287,30.54726,-0.18711,-2.97180,1753.12276
61.72311,30.71281,-0.21683,-2.97180,1912.97201
62.37733,30.87651,-0.24654,-2.97180,2072.59134
63.03550,31.03824,-0.27626,-2.97180,2231.82728
63.69759,31.19787,-0.30598,-2.97180,2390.52518
64.36357,31.35529,-0.33570,-2.97180,2548.52928
65.03340,31.51039,-0.36542,-2.97180,2705.68294
65.70704,31.66305,-0.39514,-2.97180,2861.82875
66.38443,31.81316,-0.42485,-2.97180,3016.80870
67.06554,31.96061,-0.45457,-2.97180,3170.46436
67.75032,32.10529,-0.48429,-2.97180,3322.63704
68.43869,32.24709,-0.51401,-2.97180,3473.16794
69.13062,32.38591,-0.54373,-2.97180,3621.89834
69.82604,32.52163,-0.57344,-2.97180,3768.66980
70.52488,32.65417,-0.60316,-2.97180,3913.32426
71.22708,32.78341,-0.63288,-2.97180,4055.70431
71.93256,32.90926,-0.66260,-2.97180,4195.65330
72.64126,33.03162,-0.69232,-2.97180,4333.01559
73.35309,33.15040,-0.72203,-2.97180,4467.63666
74.06798,33.26550,-0.75175,-2.97180,4599.36336
74.78585,33.37684,-0.78147,-2.97180,4728.04410
75.50662,33.48433,-0.81119,-2.97180,4853.52898
76.23019,33.58788,-0.84091,-2.97180,4975.67007
76.95648,33.68741,-0.87062,-2.97180,5094.32156
77.68539,33.78285,-0.90034,-2.97180,5209.33995
78.41684,33.87411,-0.93006,-2.97180,5320.58430
79.15072,33.96112,-0.95978,-2.97180,5427.91640
79.88694,34.04381,-0.98950,-2.97180,5531.20096
80.62540,34.12212,-1.01921,-2.97180,5630.30587
81.36600,34.19597,-1.04893,-2.97180,5725.10236
82.10863,34.26531,-1.07865,-2.97180,5815.46526
82.85318,34.33007,-1.10837,-2.97180,5901.27316
83.59955,34.39021,-1.13809,-2.97180,5982.40867
84.34763,34.44567,-1.16780,-2.97180,6058.75862
85.09731,34.49639,-1.19752,-2.97180,6130.21426
85.84848,34.54234,-1.22724,-2.97180,6196.67151
86.60101,34.58347,-1.25696,-2.97180,6258.03117
87.35481,34.61974,-1.28668,-2.97180,6314.19912
88.10975,34.65112,-1.31639,-2.97180,6365.08656
88.86572,34.67757,-1.34611,-2.97180,6410.61021
89.62259,34.69907,-1.37583,-2.97180,6450.69258
90.38025,34.71559,-1.40555,-2.97180,6485.26211
91.13858,34.72711,-1.43527,-2.97180,6514.25344
91.89747,34.73361,-1.46498,-2.97180,6537.60760
92.65678,34.73507,-1.49470,-2.97180,6555.27226
93.41641,34.73149,-1.52442,-2.97180,6567.20187
94.17622,34.72286,-1.55414,-2.97180,6573.35791
94.93610,34.70917,-1.58386,-2.97180,6573.70910
95.69593,34.69043,-1.61357,-2.97180,6568.23155
96.45558,34.66663,-1.64329,-2.97180,6556.90897
97.21494,34.63778,-1.67301,-2.97180,6539.73285
97.97388,34.60390,-1.70273,-2.97180,6516.70260
98.73229,34.56500,-1.73245,-2.97180,6487.82577
99.49004,34.52109,-1.76216,-2.97180,6453.11812
100.24701,34.47221,-1.79188,-2.97180,6412.60380
101.00310,34.41836,-1.82160,-2.97180,6366.31548
101.75816,34.35959,-1.85132,-2.97180,6314.29441
102.51211,34.29591,-1.88104,-2.97180,6256.59055
103.26480,34.22738,-1.91076,-2.97180,6193.26262
104.01614,34.15402,-1.94047,-2.97180,6124.37815
104.76601,34.07588,-1.97019,-2.97180,6050.01350
105.51429,33.99300,-1.99991,-2.97180,5970.25389
106.26087,33.90544,-2.02963,-2.97180,5885.19336
107.00565,33.81324,-2.05935,-2.97180,5794.93471
107.74852,33.71646,-2.08906,-2.97180,5699.58947
108.48936,33.61516,-2.11878,-2.97180,5599.27773
109.22809,33.50940,-2.14850,-2.97180,5494.12809
109.96459,33.39925,-2.17822,-2.97180,5384.27740
110.69876,33.28477,-2.20794,-2.97180,5269.87064
111.43050,33.16603,-2.23765,-2.97180,5151.06065
112.15973,33.04310,-2.26737,-2.97180,5028.00785
112.88634,32.91607,-2.29709,-2.97180,4900.87998
113.61024,32.78501,-2.32681,-2.97180,4769.85172
114.33135,32.65000,-2.35653,-2.97180,4635.10434
115.04958,32.51114,-2.38624,-2.97180,4496.82528
115.76484,32.36849,-2.41596,-2.97180,4355.20772
116.47704,32.22216,-2.44568,-2.97180,4210.45010
117.18613,32.07224,-2.47540,-2.97180,4062.75561
117.89200,31.91882,-2.50512,-2.97180,3912.33165
118.59460,31.76199,-2.53483,-2.97180,3759.38927
119.29385,31.60186,-2.56455,-2.97180,3604.14257
119.98968,31.43852,-2.59427,-2.97180,3446.80810
120.68204,31.27209,-2.62399,-2.97180,3287.60421
121.37085,31.10265,-2.65371,-2.97180,3126.75042
122.05606,30.93032,-2.68342,-2.97180,2964.46676
122.73762,30.75521,-2.71314,-2.97180,2800.97306
123.41547,30.57743,-2.74286,-2.97180,2636.48833
124.08956,30.39708,-2.77258,-2.97180,2471.23006
124.75985,30.21428,-2.80230,-2.97180,2305.41358
125.42630,30.02914,-2.83201,-2.97180,2139.25138
126.08886,29.84178,-2.86173,-2.97180,1972.95250
126.74751,29.65231,-2.89145,-2.97180,1806.72188
127.40221,29.46085,-2.92117,-2.97180,1640.75983
128.05293,29.26753,-2.95089,-2.97180,1475.26142
128.69965,29.07244,-2.98060,-2.97180,1310.41598
129.34235,28.87572,-3.01032,-2.97180,1146.40663
129.98101,28.67749,-3.04004,-2.97180,983.40984
130.61561,28.47787,-3.06976,-2.97180,821.59500
131.24615,28.27697,-3.09948,-2.97180,661.12416
131.87261,28.07492,-3.12919,-2.97180,502.15168
132.49500,27.87183,-3.15891,-2.97180,344.82402
133.11331,27.66784,-3.18863,-2.97180,189.27956
133.72755,27.46305,-3.21835,-2.97180,35.64850
134.33773,27.25760,-3.24807,-2.97180,-115.94722
134.94386,27.05160,-3.27779,-2.97180,-265.39393
135.54595,26.84518,-3.30750,-2.97180,-412.58614
136.14401,26.63844,-3.33722,-2.97180,-557.42651
136.73808,26.43152,-3.36694,-2.97180,-699.82561
137.32818,26.22452,-3.39666,-2.97180,-839.70179
137.91433,26.01758,-3.42638,-2.97180,-976.98087
138.49657,25.81079,-3.45609,-2.97180,-1111.59593
139.07494,25.60429,-3.48581,-2.97180,-1243.48690
139.64947,25.39818,-3.51553,-2.97180,-1372.60026
140.22020,25.19258,-3.54525,-2.97180,-1498.88863
140.78719,24.98760,-3.57497,-2.97180,-1622.31038
141.35047,24.78335,-3.60468,-2.97180,-1742.82919
141.91011,24.57994,-3.63440,-2.97180,-1860.41358
142.46616,24.37748,-3.66412,-2.97180,-1975.03654
143.01868,24.17607,-3.69384,-2.97180,-2086.67499
143.56773,23.97581,-3.72356,-2.97180,-2195.30938
144.11337,23.77682,-3.75327,-2.97180,-2300.92324
144.65568,23.57919,-3.78299,-2.97180,-2403.50270
145.19472,23.38301,-3.81271,-2.97180,-2503.03612
145.73056,23.18839,-3.84243,-2.97180,-2599.51362
146.26330,22.99541,-3.87215,-2.97180,-2692.92674
146.79299,22.80418,-3.90186,-2.97180,-2783.26804
147.31974,22.61477,-3.93158,-2.97180,-2870.53074
147.84361,22.42727,-3.96130,-2.97180,-2954.70844
148.36471,22.24178,-3.99102,-2.97180,-3035.79479
148.88311,22.05836,-4.02074,-2.97180,-3113.78325
149.39891,21.87710,-4.05045,-2.97180,-3188.66680
149.91221,21.69808,-4.08017,-2.97180,-3260.43782
150.42309,21.52136,-4.10989,-2.97180,-3329.08783
150.93167,21.34702,-4.13961,-2.97180,-3394.60737
151.43804,21.17512,-4.16933,-2.97180,-3456.98590
151.94231,21.00573,-4.19904,-2.97180,-3516.21169
152.44457,20.83892,-4.22876,-2.97180,-3572.27176
152.94493,20.67472,-4.25848,-2.97180,-3625.15182
153.44351,20.51322,-4.28820,-2.97180,-3674.83632
153.94041,20.35444,-4.31792,-2.97180,-3721.30838
154.43575,20.19845,-4.34763,-2.97180,-3764.54989
154.92963,20.04528,-4.37735,-2.97180,-3804.54155
155.42217,19.89498,-4.40707,-2.97180,-3841.26290
155.52334,20.00193,-4.40707,-2.97180,-3841.26290
156.11583,20.00677,-4.43679,-2.97180,-3874.69250
156.70720,20.01455,-4.46651,-2.97180,-3904.80794
157.29758,20.02530,-4.49622,-2.97180,-3931.58605
157.88709,20.03905,-4.52594,-2.97180,-3955.00296
158.47585,20.05582,-4.55566,-2.97180,-3975.03430
159.06396,20.07564,-4.58538,-2.97180,-3991.65536
159.65157,20.09853,-4.61510,-2.97180,-4004.84119
160.23877,20.12448,-4.64481,-2.97180,-4014.56685
160.82570,20.15353,-4.67453,-2.97180,-4020.80755
161.41248,20.18566,-4.70425,-2.97180,-4023.53879
161.99922,20.22089,-4.73397,-2.97180,-4022.73665
162.58605,20.25921,-4.76369,-2.97180,-4018.37785
163.17309,20.30063,-4.79341,-2.97180,-4010.44003
163.76046,20.34512,-4.82312,-2.97180,-3998.90188
164.34828,20.39269,-4.85284,-2.97180,-3983.74334
164.93667,20.44330,-4.88256,-2.97180,-3964.94580
165.52575,20.49696,-4.91228,-2.97180,-3942.49225
166.11564,20.55363,-4.94200,-2.97180,-3916.36744
166.70646,20.61328,-4.97171,-2.97180,-3886.55810
167.29832,20.67590,-5.00143,-2.97180,-3853.05306
167.89134,20.74144,-5.03115,-2.97180,-3815.84342
168.48565,20.80987,-5.06087,-2.97180,-3774.92272
169.08134,20.88115,-5.09059,-2.97180,-3730.28706
169.67854,20.95524,-5.12030,-2.97180,-3681.93525
170.27735,21.03209,-5.15002,-2.97180,-3629.86894
170.87790,21.11164,-5.17974,-2.97180,-3574.09275
171.48028,21.19386,-5.20946,-2.97180,-3514.61441
172.08460,21.27868,-5.23918,-2.97180,-3451.44479
172.69097,21.36604,-5.26889,-2.97180,-3384.59812
173.29949,21.45588,-5.29861,-2.97180,-3314.09197
173.91027,21.54813,-5.32833,-2.97180,-3239.94743
174.52341,21.64273,-5.35805,-2.97180,-3162.18911
175.13899,21.73960,-5.38777,-2.97180,-3080.84529
175.75713,21.83868,-5.41748,-2.97180,-2995.94790
176.37791,21.93987,-5.44720,-2.97180,-2907.53265
177.00142,22.04311,-5.47692,-2.97180,-2815.63904
177.62775,22.14831,-5.50664,-2.97180,-2720.31039
178.25698,22.25539,-5.53636,-2.97180,-2621.59391
178.88921,22.36425,-5.56607,-2.97180,-2519.54068
179.52451,22.47482,-5.59579,-2.97180,-2414.20572
180.16296,22.58698,-5.62551,-2.97180,-2305.64794
180.80464,22.70066,-5.65523,-2.97180,-2193.93021
181.44962,22.81575,-5.68495,-2.97180,-2079.11929
182.09796,22.93216,-5.71466,-2.97180,-1961.28588
182.74974,23.04977,-5.74438,-2.97180,-1840.50456
183.40501,23.16850,-5.77410,-2.97180,-1716.85378
184.06385,23.28824,-5.80382,-2.97180,-1590.41583
184.72630,23.40887,-5.83354,-2.97180,-1461.27682
185.39242,23.53030,-5.86325,-2.97180,-1329.52661
186.06227,23.65240,-5.89297,-2.97180,-1195.25878
186.73588,23.77507,-5.92269,-2.97180,-1058.57058
187.41331,23.89820,-5.95241,-2.97180,-919.56284
188.09459,24.02168,-5.98213,-2.97180,-778.33994
188.77976,24.14538,-6.01184,-2.97180,-635.00973
189.46886,24.26919,-6.04156,-2.97180,-489.68344
190.16192,24.39300,-6.07128,-2.97180,-342.47561
190.85897,24.51668,-6.10100,-2.97180,-193.50401
191.56002,24.64012,-6.13072,-2.97180,-42.88955
192.26510,24.76320,-6.16043,-2.97180,109.24384
192.97422,24.88580,-6.19015,-2.97180,262.76929
193.68741,25.00779,-6.21987,-2.97180,417.55707
194.40466,25.12906,-6.24959,-2.97180,573.47476
195.12598,25.24949,-6.27931,-2.97180,730.38731
195.85138,25.36895,-6.30903,-2.97180,888.15716
196.58086,25.48732,-6.33874,-2.97180,1046.64439
197.31440,25.60449,-6.36846,-2.97180,1205.70682
198.05201,25.72033,-6.39818,-2.97180,1365.20016
198.79366,25.83472,-6.42790,-2.97180,1524.97810
199.53935,25.94755,-6.45762,-2.97180,1684.89250
200.28905,26.05868,-6.48733,-2.97180,1844.79348
201.04275,26.16801,-6.51705,-2.97180,2004.52959
201.80041,26.27541,-6.54677,-2.97180,2163.94795
202.56200,26.38077,-6.57649,-2.97180,2322.89439
203.32749,26.48396,-6.60621,-2.97180,2481.21360
204.09685,26.58489,-6.63592,-2.97180,2638.74930
204.87004,26.68342,-6.66564,-2.97180,2795.34439
205.64700,26.77946,-6.69536,-2.97180,2950.84110
206.42770,26.87288,-6.72508,-2.97180,3105.08115
207.21209,26.96357,-6.75480,-2.97180,3257.90595
208.00010,27.05143,-6.78451,-2.97180,3409.15671
208.79169,27.13636,-6.81423,-2.97180,3558.67468
209.58680,27.21823,-6.84395,-2.97180,3706.30125
210.38536,27.29696,-6.87367,-2.97180,3851.87820
211.18730,27.37244,-6.90339,-2.97180,3995.24780
211.99256,27.44457,-6.93310,-2.97180,4136.25308
212.80106,27.51325,-6.96282,-2.97180,4274.73792
213.61273,27.57839,-6.99254,-2.97180,4410.54731
214.42750,27.63989,-7.02226,-2.97180,4543.52750
215.24528,27.69767,-7.05198,-2.97180,4673.52620
216.06599,27.75163,-7.08169,-2.97180,4800.39277
216.88954,27.80169,-7.11141,-2.97180,4923.97841
217.71585,27.84777,-7.14113,-2.97180,5044.13638
218.54482,27.88978,-7.17085,-2.97180,5160.72219
219.37637,27.92765,-7.20057,-2.97180,5273.59376
220.21039,27.96130,-7.23028,-2.97180,5382.61169
221.04680,27.99067,-7.26000,-2.97180,5487.63943
221.88548,28.01567,-7.28972,-2.97180,5588.54349
222.72635,28.03625,-7.31944,-2.97180,5685.19364
223.56929,28.05235,-7.34916,-2.97180,5777.46315
224.41420,28.06389,-7.37887,-2.97180,5865.22898
225.26098,28.07083,-7.40859,-2.97180,5948.37201
226.10951,28.07311,-7.43831,-2.97180,6026.77722
226.95969,28.07067,-7.46803,-2.97180,6100.33396
227.81141,28.06349,-7.49775,-2.97180,6168.93614
228.66454,28.05150,-7.52746,-2.97180,6232.48244
229.51899,28.03467,-7.55718,-2.97180,6290.87655
230.37462,28.01296,-7.58690,-2.97180,6344.02736
231.23133,27.98634,-7.61662,-2.97180,6391.84923
232.08900,27.95477,-7.64634,-2.97180,6434.26216
232.94751,27.91824,-7.67605,-2.97180,6471.19204
233.80674,27.87671,-7.70577,-2.97180,6502.57083
234.66657,27.83018,-7.73549,-2.97180,6528.33681
235.52688,27.77861,-7.76521,-2.97180,6548.43480
236.38756,27.72200,-7.79493,-2.97180,6562.81632
237.24848,27.66035,-7.82465,-2.97180,6571.43984
238.10951,27.59364,-7.85436,-2.97180,6574.27096
238.97055,27.52187,-7.88408,-2.97180,6571.28261
239.83146,27.44504,-7.91380,-2.97180,6562.45524
240.69212,27.36317,-7.94352,-2.97180,6547.77700
241.55243,27.27626,-7.97324,-2.97180,6527.24390
242.41225,27.18432,-8.00295,-2.97180,6500.86000
243.27146,27.08736,-8.03267,-2.97180,6468.63753
244.12995,26.98542,-8.06239,-2.97180,6430.59706
244.98759,26.87850,-8.09211,-2.97180,6386.76760
245.84428,26.76665,-8.12183,-2.97180,6337.18674
246.69988,26.64988,-8.15154,-2.97180,6281.90071
247.55429,26.52824,-8.18126,-2.97180,6220.96447
248.40739,26.40175,-8.21098,-2.97180,6154.44180
249.25907,26.27047,-8.24070,-2.97180,6082.40530
250.10921,26.13443,-8.27042,-2.97180,6004.93640
250.95770,25.99368,-8.30013,-2.97180,5922.12538
251.80443,25.84827,-8.32985,-2.97180,5834.07131
252.64929,25.69826,-8.35957,-2.97180,5740.88201
253.49218,25.54370,-8.38929,-2.97180,5642.67393
254.33299,25.38465,-8.41901,-2.97180,5539.57206
255.17162,25.22119,-8.44872,-2.97180,5431.70975
256.00797,25.05336,-8.47844,-2.97180,5319.22855
256.84193,24.88125,-8.50816,-2.97180,5202.27795
257.67341,24.70492,-8.53788,-2.97180,5081.01520
258.50232,24.52445,-8.56760,-2.97180,4955.60494
259.32856,24.33992,-8.59731,-2.97180,4826.21894
260.15204,24.15141,-8.62703,-2.97180,4693.03570
260.97267,23.95900,-8.65675,-2.97180,4556.24008
261.79037,23.76277,-8.68647,-2.97180,4416.02288
262.60506,23.56283,-8.71619,-2.97180,4272.58034
263.41665,23.35925,-8.74590,-2.97180,4126.11370
264.22507,23.15213,-8.77562,-2.97180,3976.82862
265.03025,22.94156,-8.80534,-2.97180,3824.93467
265.83210,22.72765,-8.83506,-2.97180,3670.64472
266.63057,22.51048,-8.86478,-2.97180,3514.17435
267.42559,22.29018,-8.89449,-2.97180,3355.74124
268.21709,22.06683,-8.92421,-2.97180,3195.56446
269.00501,21.84054,-8.95393,-2.97180,3033.86393
269.78930,21.61142,-8.98365,-2.97180,2870.85962
270.56991,21.37959,-9.01337,-2.97180,2706.77100
271.34678,21.14514,-9.04308,-2.97180,2541.81627
272.11986,20.90819,-9.07280,-2.97180,2376.21178
272.88912,20.66885,-9.10252,-2.97180,2210.17129
273.65452,20.42725,-9.13224,-2.97180,2043.90541
274.41601,20.18349,-9.16196,-2.97180,1877.62088
275.17357,19.93768,-9.19167,-2.97180,1711.52008
275.01037,20.00000,-9.16196,-2.97180,1877.62088
275.60206,20.00000,-9.19161,-2.95843,1707.60097
276.19107,20.00000,-9.22113,-2.94505,1541.66075
276.77740,20.00000,-9.25051,-2.93168,1379.93360
277.36107,20.00000,-9.27976,-2.91833,1222.52758
277.94208,20.00000,-9.30888,-2.90503,1069.52736
278.52043,20.00000,-9.33786,-2.89178,920.99536
279.09615,20.00000,-9.36671,-2.87861,776.97308
279.66926,20.00000,-9.39543,-2.86551,637.48242
280.23976,20.00000,-9.42402,-2.85252,502.52711
280.80769,20.00000,-9.45248,-2.83964,372.09408
281.37306,20.00000,-9.48082,-2.82687,246.15491
281.93591,20.00000,-9.50902,-2.81425,124.66723
282.49626,20.00000,-9.53710,-2.80176,7.57612
282.49694,20.00017,-9.53716,-2.81425,-3.64091
283.05434,19.99977,-9.56531,-2.81425,-130.19532
283.05797,20.00022,-9.56531,-2.81425,-130.19532
283.61539,19.99997,-9.59345,-2.81425,-254.91692
283.61902,20.00027,-9.59345,-2.81425,-254.91692
284.17646,20.00018,-9.62159,-2.81425,-377.73248
284.73031,19.99982,-9.64973,-2.81425,-498.57452
284.73752,20.00037,-9.64973,-2.81425,-498.57452
285.29501,20.00058,-9.67788,-2.81425,-617.38118
285.84897,20.00073,-9.70602,-2.81425,-734.09604
286.39942,20.00090,-9.73416,-2.81425,-848.66793
286.94638,20.00121,-9.76230,-2.81425,-961.05070
287.48990,20.00175,-9.79045,-2.81425,-1071.20299
288.03000,20.00261,-9.81859,-2.81425,-1179.08794
288.56673,20.00390,-9.84673,-2.81425,-1284.67295
289.10012,20.00570,-9.87487,-2.81425,-1387.92936
289.63023,20.00811,-9.90302,-2.81425,-1488.83216
290.15708,20.01122,-9.93116,-2.81425,-1587.35969
290.68074,20.01512,-9.95930,-2.81425,-1683.49332
291.20126,20.01991,-9.98744,-2.81425,-1777.21714
291.71868,20.02566,-10.01559,-2.81425,-1868.51764
292.23307,20.03247,-10.04373,-2.81425,-1957.38344
292.74448,20.04041,-10.07187,-2.81425,-2043.80493
293.25297,20.04958,-10.10001,-2.81425,-2127.77403
293.75862,20.06006,-10.12815,-2.81425,-2209.28389
294.26147,20.07191,-10.15630,-2.81425,-2288.32862
294.76160,20.08523,-10.18444,-2.81425,-2364.90305
295.25909,20.10009,-10.21258,-2.81425,-2439.00246
295.75399,20.11655,-10.24072,-2.81425,-2510.62240
296.24639,20.13469,-10.26887,-2.81425,-2579.75847
296.73637,20.15459,-10.29701,-2.81425,-2646.40610
297.22399,20.17630,-10.32515,-2.81425,-2710.56045
297.70934,20.19990,-10.35329,-2.81425,-2772.21621
298.19250,20.22544,-10.38144,-2.81425,-2831.36749
298.67356,20.25299,-10.40958,-2.81425,-2888.00772
299.15259,20.28260,-10.43772,-2.81425,-2942.12954
299.62969,20.31434,-10.46586,-2.81425,-2993.72475
300.10494,20.34824,-10.49401,-2.81425,-3042.78423
300.57843,20.38437,-10.52215,-2.81425,-3089.29794
301.05026,20.42278,-10.55029,-2.81425,-3133.25487
301.52052,20.46350,-10.57843,-2.81425,-3174.64307
301.98929,20.50658,-10.60658,-2.81425,-3213.44962
302.45668,20.55206,-10.63472,-2.81425,-3249.66070
302.92277,20.59998,-10.66286,-2.81425,-3283.26161
303.38767,20.65037,-10.69100,-2.81425,-3314.23683
303.85148,20.70327,-10.71915,-2.81425,-3342.57005
304.31429,20.75871,-10.74729,-2.81425,-3368.24432
304.77620,20.81671,-10.77543,-2.81425,-3391.24206
305.23731,20.87729,-10.80357,-2.81425,-3411.54520
305.69773,20.94048,-10.83172,-2.81425,-3429.13525
306.15754,21.00629,-10.85986,-2.81425,-3443.99341
306.61687,21.07475,-10.88800,-2.81425,-3456.10072
307.07580,21.14586,-10.91614,-2.81425,-3465.43812
307.53444,21.21963,-10.94429,-2.81425,-3471.98662
307.99289,21.29607,-10.97243,-2.81425,-3475.72737
308.45126,21.37519,-11.00057,-2.81425,-3476.64184
308.90965,21.45697,-11.02871,-2.81425,-3474.71192
309.36816,21.54144,-11.05686,-2.81425,-3469.92003
309.82689,21.62856,-11.08500,-2.81425,-3462.24929
310.28595,21.71835,-11.11314,-2.81425,-3451.68359
310.74544,21.81079,-11.14128,-2.81425,-3438.20779
311.20546,21.90586,-11.16943,-2.81425,-3421.80776
311.66611,22.00355,-11.19757,-2.81425,-3402.47055
312.12749,22.10384,-11.22571,-2.81425,-3380.18452
312.58971,22.20671,-11.25385,-2.81425,-3354.93943
313.05286,22.31213,-11.28200,-2.81425,-3326.72654
313.51705,22.42007,-11.31014,-2.81425,-3295.53875
313.98236,22.53051,-11.33828,-2.81425,-3261.37070
314.44890,22.64342,-11.36642,-2.81425,-3224.21885
314.91677,22.75874,-11.39457,-2.81425,-3184.08160
315.38606,22.87646,-11.42271,-2.81425,-3140.95937
315.85686,22.99652,-11.45085,-2.81425,-3094.85470
316.32927,23.11888,-11.47899,-2.81425,-3045.77229
316.80338,23.24350,-11.50714,-2.81425,-2993.71916
317.27928,23.37033,-11.53528,-2.81425,-2938.70462
317.75705,23.49931,-11.56342,-2.81425,-2880.74043
318.23679,23.63038,-11.59156,-2.81425,-2819.84081
318.71859,23.76351,-11.61970,-2.81425,-2756.02251
319.20252,23.89862,-11.64785,-2.81425,-2689.30487
319.68867,24.03565,-11.67599,-2.81425,-2619.70986
320.17711,24.17454,-11.70413,-2.81425,-2547.26212
320.66794,24.31523,-11.73227,-2.81425,-2471.98901
321.16122,24.45764,-11.76042,-2.81425,-2393.92062
321.65703,24.60171,-11.78856,-2.81425,-2313.08982
322.15545,24.74736,-11.81670,-2.81425,-2229.53229
322.65654,24.89453,-11.84484,-2.81425,-2143.28649
323.16038,25.04312,-11.87299,-2.81425,-2054.39374
323.66703,25.19307,-11.90113,-2.81425,-1962.89815
324.17655,25.34430,-11.92927,-2.81425,-1868.84672
324.68901,25.49672,-11.95741,-2.81425,-1772.28923
325.20447,25.65025,-11.98556,-2.81425,-1673.27834
325.72298,25.80480,-12.01370,-2.81425,-1571.86949
326.24461,25.96029,-12.04184,-2.81425,-1468.12097
326.76940,26.11663,-12.06998,-2.81425,-1362.09381
327.29740,26.27374,-12.09813,-2.81425,-1253.85185
327.82867,26.43150,-12.12627,-2.81425,-1143.46163
328.36324,26.58985,-12.15441,-2.81425,-1030.99245
328.90116,26.74868,-12.18255,-2.81425,-916.51623
329.44247,26.90790,-12.21070,-2.81425,-800.10756
329.98721,27.06740,-12.23884,-2.81425,-681.84364
330.53541,27.22711,-12.26698,-2.81425,-561.80418
331.08710,27.38691,-12.29512,-2.81425,-440.07142
331.64231,27.54670,-12.32327,-2.81425,-316.73006
332.20107,27.70640,-12.35141,-2.81425,-191.86717
332.76340,27.86590,-12.37955,-2.81425,-65.57217
333.32933,28.02509,-12.40769,-2.81425,62.06323
333.89886,28.18388,-12.43584,-2.81425,190.94512
334.47201,28.34216,-12.46398,-2.81425,320.97746
335.04880,28.49984,-12.49212,-2.81425,452.06212
335.62924,28.65681,-12.52026,-2.81425,584.09896
336.21333,28.81296,-12.54841,-2.81425,716.98593
336.80107,28.96820,-12.57655,-2.81425,850.61913
337.39247,29.12243,-12.60469,-2.81425,984.89290
337.98752,29.27553,-12.63283,-2.81425,1119.69987
338.58621,29.42740,-12.66098,-2.81425,1254.93111
339.18855,29.57795,-12.68912,-2.81425,1390.47616
339.79451,29.72708,-12.71726,-2.81425,1526.22315
340.40409,29.87467,-12.74540,-2.81425,1662.05888
341.01726,30.02063,-12.77355,-2.81425,1797.86892
341.63401,30.16485,-12.80169,-2.81425,1933.53773
342.25432,30.30725,-12.82983,-2.81425,2068.94870
342.87815,30.44771,-12.85797,-2.81425,2203.98432
343.50549,30.58614,-12.88612,-2.81425,2338.52624
344.13629,30.72244,-12.91426,-2.81425,2472.45538
344.77053,30.85651,-12.94240,-2.81425,2605.65205
345.40817,30.98826,-12.97054,-2.81425,2737.99607
346.04917,31.11759,-12.99869,-2.81425,2869.36683
346.69349,31.24440,-13.02683,-2.81425,2999.64347
347.34109,31.36862,-13.05497,-2.81425,3128.70495
347.99191,31.49013,-13.08311,-2.81425,3256.43017
348.64591,31.60886,-13.11126,-2.81425,3382.69810
349.30304,31.72472,-13.13940,-2.81425,3507.38790
349.96323,31.83761,-13.16754,-2.81425,3630.37904
350.62644,31.94745,-13.19568,-2.81425,3751.55141
351.29261,32.05416,-13.22382,-2.81425,3870.78545
351.96167,32.15765,-13.25197,-2.81425,3987.96231
352.63356,32.25785,-13.28011,-2.81425,4102.96390
353.30821,32.35468,-13.30825,-2.81425,4215.67311
353.98556,32.44806,-13.33639,-2.81425,4325.97387
354.66553,32.53791,-13.36454,-2.81425,4433.75132
355.34805,32.62416,-13.39268,-2.81425,4538.89194
356.03305,32.70674,-13.42082,-2.81425,4641.28367
356.72044,32.78559,-13.44896,-2.81425,4740.81605
357.41016,32.86063,-13.47711,-2.81425,4837.38039
358.10213,32.93180,-13.50525,-2.81425,4930.86984
358.79625,32.99904,-13.53339,-2.81425,5021.17961
359.49244,33.06229,-13.56153,-2.81425,5108.20707
360.19063,33.12150,-13.58968,-2.81425,5191.85187
360.89071,33.17660,-13.61782,-2.81425,5272.01616
361.59262,33.22755,-13.64596,-2.81425,5348.60464
362.29624,33.27430,-13.67410,-2.81425,5421.52480
363.00150,33.31679,-13.70225,-2.81425,5490.68699
363.70830,33.35499,-13.73039,-2.81425,5556.00462
364.41654,33.38885,-13.75853,-2.81425,5617.39428
365.12614,33.41833,-13.78667,-2.81425,5674.77592
365.83699,33.44340,-13.81482,-2.81425,5728.07295
366.54900,33.46402,-13.84296,-2.81425,5777.21246
367.26207,33.48016,-13.87110,-2.81425,5822.12530
367.97610,33.49180,-13.89924,-2.81425,5862.74628
368.69099,33.49890,-13.92739,-2.81425,5899.01430
369.40664,33.50144,-13.95553,-2.81425,5930.87250
370.12295,33.49941,-13.98367,-2.81425,5958.26843
370.83983,33.49279,-14.01181,-2.81425,5981.15414
371.55716,33.48156,-14.03996,-2.81425,5999.48642
372.27484,33.46571,-14.06810,-2.81425,6013.22685
372.99277,33.44523,-14.09624,-2.81425,6022.34198
373.71086,33.42012,-14.12438,-2.81425,6026.80350
374.42899,33.39037,-14.15253,-2.81425,6026.58833
375.14707,33.35599,-14.18067,-2.81425,6021.67875
375.86498,33.31698,-14.20881,-2.81425,6012.06257
376.58264,33.27333,-14.23695,-2.81425,5997.73321
377.29993,33.22507,-14.26510,-2.81425,5978.68984
378.01675,33.17221,-14.29324,-2.81425,5954.93747
378.73301,33.11475,-14.32138,-2.81425,5926.48707
379.44860,33.05272,-14.34952,-2.81425,5893.35565
380.16341,32.98613,-14.37767,-2.81425,5855.56635
380.87736,32.91502,-14.40581,-2.81425,5813.14854
381.59034,32.83939,-14.43395,-2.81425,5766.13781
382.30224,32.75930,-14.46209,-2.81425,5714.57613
383.01298,32.67475,-14.49024,-2.81425,5658.51178
383.72246,32.58580,-14.51838,-2.81425,5597.99946
384.43058,32.49247,-14.54652,-2.81425,5533.10027
385.13724,32.39481,-14.57466,-2.81425,5463.88168
385.84235,32.29286,-14.60281,-2.81425,5390.41758
386.54582,32.18666,-14.63095,-2.81425,5312.78816
387.24756,32.07626,-14.65909,-2.81425,5231.07990
387.94748,31.96171,-14.68723,-2.81425,5145.38551
388.64549,31.84306,-14.71538,-2.81425,5055.80378
389.34150,31.72037,-14.74352,-2.81425,4962.43952
390.03542,31.59370,-14.77166,-2.81425,4865.40339
390.72718,31.46310,-14.79980,-2.81425,4764.81174
391.41669,31.32864,-14.82794,-2.81425,4660.78646
392.10387,31.19038,-14.85609,-2.81425,4553.45471
392.78865,31.04839,-14.88423,-2.81425,4442.94879
393.47094,30.90274,-14.91237,-2.81425,4329.40579
394.15067,30.75349,-14.94051,-2.81425,4212.96737
394.82777,30.60073,-14.96866,-2.81425,4093.77947
395.50218,30.44452,-14.99680,-2.81425,3971.99195
396.17381,30.28495,-15.02494,-2.81425,3847.75831
396.84261,30.12209,-15.05308,-2.81425,3721.23527
397.50850,29.95602,-15.08123,-2.81425,3592.58244
398.17144,29.78683,-15.10937,-2.81425,3461.96188
398.83136,29.61459,-15.13751,-2.81425,3329.53775
399.48820,29.43940,-15.16565,-2.81425,3195.47580
400.14191,29.26135,-15.19380,-2.81425,3059.94303
400.79244,29.08051,-15.22194,-2.81425,2923.10715
401.43974,28.89699,-15.25008,-2.81425,2785.13619
402.08376,28.71087,-15.27822,-2.81425,2646.19801
402.72445,28.52224,-15.30637,-2.81425,2506.45987
403.36178,28.33121,-15.33451,-2.81425,2366.08790
403.99571,28.13786,-15.36265,-2.81425,2225.24674
404.62620,27.94229,-15.39079,-2.81425,2084.09901
405.25321,27.74461,-15.41894,-2.81425,1942.80492
405.87673,27.54489,-15.44708,-2.81425,1801.52182
406.49671,27.34326,-15.47522,-2.81425,1660.40381
407.11313,27.13980,-15.50336,-2.81425,1519.60134
407.72598,26.93462,-15.53151,-2.81425,1379.26084
408.33522,26.72782,-15.55965,-2.81425,1239.52438
408.94086,26.51949,-15.58779,-2.81425,1100.52935
409.54286,26.30975,-15.61593,-2.81425,962.40821
410.14122,26.09868,-15.64408,-2.81425,825.28818
410.73594,25.88641,-15.67222,-2.81425,689.29107
411.32700,25.67302,-15.70036,-2.81425,554.53306
411.91441,25.45862,-15.72850,-2.81425,421.12458
412.49816,25.24332,-15.75665,-2.81425,289.17017
413.07826,25.02722,-15.78479,-2.81425,158.76843
413.65472,24.81041,-15.81293,-2.81425,30.01196
414.22755,24.59301,-15.84107,-2.81425,-97.01262
414.79675,24.37511,-15.86922,-2.81425,-222.22467
415.36234,24.15681,-15.89736,-2.81425,-345.54940
415.92434,23.93822,-15.92550,-2.81425,-466.91785
416.48278,23.71945,-15.95364,-2.81425,-586.26670
417.03766,23.50057,-15.98179,-2.81425,-703.53809
417.58903,23.28171,-16.00993,-2.81425,-818.67952
418.13691,23.06295,-16.03807,-2.81425,-931.64351
418.68134,22.84440,-16.06621,-2.81425,-1042.38747
419.22234,22.62615,-16.09436,-2.81425,-1150.87338
419.75995,22.40829,-16.12250,-2.81425,-1257.06755
420.29422,22.19092,-16.15064,-2.81425,-1360.94031
420.82518,21.97414,-16.17878,-2.81425,-1462.46571
421.35289,21.75804,-16.20693,-2.81425,-1561.62124
421.87739,21.54270,-16.23507,-2.81425,-1658.38751
422.39873,21.32822,-16.26321,-2.81425,-1752.74791
422.91696,21.11469,-16.29135,-2.81425,-1844.68835
423.43214,20.90219,-16.31949,-2.81425,-1934.19689
423.94433,20.69081,-16.34764,-2.81425,-2021.26349
424.45359,20.48063,-16.37578,-2.81425,-2105.87971
424.95998,20.27173,-16.40392,-2.81425,-2188.03839
425.46356,20.06419,-16.43206,-2.81425,-2267.73341
425.96440,19.85809,-16.46021,-2.81425,-2344.95944
426.02505,20.00122,-16.46021,-2.81425,-2344.95944
426.58387,20.00396,-16.48835,-2.81425,-2419.71166
427.14010,20.00829,-16.51649,-2.81425,-2491.98557
427.69380,20.01429,-16.54463,-2.81425,-2561.77677
428.24505,20.02201,-16.57278,-2.81425,-2629.08077
428.79393,20.03154,-16.60092,-2.81425,-2693.89279
429.34052,20.04293,-16.62906,-2.81425,-2756.20768
429.88490,20.05625,-16.65720,-2.81425,-2816.01971
430.42715,20.07157,-16.68535,-2.81425,-2873.32249
430.96735,20.08893,-16.71349,-2.81425,-2928.10888
431.50560,20.10840,-16.74163,-2.81425,-2980.37090
432.04198,20.13002,-16.76977,-2.81425,-3030.09969
432.57657,20.15386,-16.79792,-2.81425,-3077.28544
433.10948,20.17996,-16.82606,-2.81425,-3121.91742
433.64079,20.20836,-16.85420,-2.81425,-3163.98390
434.17059,20.23911,-16.88234,-2.81425,-3203.47223
434.69898,20.27226,-16.91049,-2.81425,-3240.36883
435.22605,20.30783,-16.93863,-2.81425,-3274.65921
435.75191,20.34587,-16.96677,-2.81425,-3306.32806
436.27664,20.38640,-16.99491,-2.81425,-3335.35928
436.80035,20.42946,-17.02306,-2.81425,-3361.73609
437.32313,20.47508,-17.05120,-2.81425,-3385.44105
437.84509,20.52328,-17.07934,-2.81425,-3406.45621
438.36633,20.57408,-17.10748,-2.81425,-3424.76319
438.88694,20.62750,-17.13563,-2.81425,-3440.34327
439.40703,20.68356,-17.16377,-2.81425,-3453.17750
439.92670,20.74226,-17.19191,-2.81425,-3463.24685
440.44606,20.80363,-17.22005,-2.81425,-3470.53229
440.96520,20.86767,-17.24820,-2.81425,-3475.01492
441.48423,20.93437,-17.27634,-2.81425,-3476.67613
442.00325,21.00375,-17.30448,-2.81425,-3475.49767
442.52236,21.07581,-17.33262,-2.81425,-3471.46181
443.04167,21.15053,-17.36077,-2.81425,-3464.55148
443.56128,21.22792,-17.38891,-2.81425,-3454.75035
444.08130,21.30796,-17.41705,-2.81425,-3442.04302
444.60181,21.39063,-17.44519,-2.81425,-3426.41506
445.12293,21.47593,-17.47334,-2.81425,-3407.85323
445.64476,21.56384,-17.50148,-2.81425,-3386.34551
446.16740,21.65433,-17.52962,-2.81425,-3361.88128
446.69094,21.74738,-17.55776,-2.81425,-3334.45141
447.21549,21.84296,-17.58591,-2.81425,-3304.04834
447.74114,21.94104,-17.61405,-2.81425,-3270.66625
448.26800,22.04160,-17.64219,-2.81425,-3234.30111
448.79616,22.14459,-17.67033,-2.81425,-3194.95081
449.32571,22.24998,-17.69848,-2.81425,-3152.61521
449.85675,22.35772,-17.72662,-2.81425,-3107.29629
450.38937,22.46778,-17.75476,-2.81425,-3058.99817
450.92367,22.58011,-17.78290,-2.81425,-3007.72726
451.45974,22.69465,-17.81105,-2.81425,-2953.49225
451.99766,22.81137,-17.83919,-2.81425,-2896.30426
452.53752,22.93020,-17.86733,-2.81425,-2836.17684
453.07941,23.05109,-17.89547,-2.81425,-2773.12608
453.62342,23.17398,-17.92361,-2.81425,-2707.17064
454.16962,23.29880,-17.95176,-2.81425,-2638.33177
454.71810,23.42551,-17.97990,-2.81425,-2566.63341
455.26894,23.55403,-18.00804,-2.81425,-2492.10220
455.82221,23.68429,-18.03618,-2.81425,-2414.76752
456.37800,23.81623,-18.06433,-2.81425,-2334.66150
456.93637,23.94977,-18.09247,-2.81425,-2251.81907
457.49740,24.08484,-18.12061,-2.81425,-2166.27796
458.06115,24.22137,-18.14875,-2.81425,-2078.07872
458.62770,24.35927,-18.17690,-2.81425,-1987.26476
459.19710,24.49846,-18.20504,-2.81425,-1893.88228
459.76943,24.63887,-18.23318,-2.81425,-1797.98035
460.34474,24.78042,-18.26132,-2.81425,-1699.61086
460.92309,24.92301,-18.28947,-2.81425,-1598.82853
461.50454,25.06656,-18.31761,-2.81425,-1495.69089
462.08914,25.21098,-18.34575,-2.81425,-1390.25826
462.67694,25.35619,-18.37389,-2.81425,-1282.59373
463.26799,25.50209,-18.40204,-2.81425,-1172.76314
463.86233,25.64859,-18.43018,-2.81425,-1060.83506
464.46001,25.79560,-18.45832,-2.81425,-946.88073
465.06107,25.94302,-18.48646,-2.81425,-830.97404
465.66555,26.09076,-18.51461,-2.81425,-713.19149
466.27348,26.23872,-18.54275,-2.81425,-593.61215
466.88489,26.38680,-18.57089,-2.81425,-472.31759
467.49982,26.53491,-18.59903,-2.81425,-349.39188
468.11829,26.68294,-18.62718,-2.81425,-224.92145
468.74033,26.83080,-18.65532,-2.81425,-98.99513
469.36595,26.97838,-18.68346,-2.81425,28.29599
469.99517,27.12558,-18.71160,-2.81425,156.85857
470.62802,27.27231,-18.73975,-2.81425,286.59712
471.26450,27.41846,-18.76789,-2.81425,417.41404
471.90462,27.56392,-18.79603,-2.81425,549.20973
472.54839,27.70860,-18.82417,-2.81425,681.88263
473.19582,27.85239,-18.85232,-2.81425,815.32932
473.84690,27.99518,-18.88046,-2.81425,949.44460
474.50164,28.13689,-18.90860,-2.81425,1084.12154
475.16002,28.27740,-18.93674,-2.81425,1219.25161
475.82204,28.41660,-18.96489,-2.81425,1354.72474
476.48770,28.55441,-18.99303,-2.81425,1490.42944
477.15697,28.69071,-19.02117,-2.81425,1626.25283
477.82985,28.82541,-19.04931,-2.81425,1762.08082
478.50630,28.95840,-19.07746,-2.81425,1897.79813
479.18632,29.08959,-19.10560,-2.81425,2033.28843
479.86987,29.21887,-19.13374,-2.81425,2168.43444
480.55694,29.34614,-19.16188,-2.81425,2303.11802
481.24748,29.47131,-19.19003,-2.81425,2437.22027
481.94146,29.59427,-19.21817,-2.81425,2570.62166
482.63886,29.71494,-19.24631,-2.81425,2703.20210
483.33962,29.83322,-19.27445,-2.81425,2834.84112
484.04372,29.94900,-19.30260,-2.81425,2965.41790
484.75110,30.06221,-19.33074,-2.81425,3094.81142
485.46173,30.17274,-19.35888,-2.81425,3222.90060
486.17554,30.28052,-19.38702,-2.81425,3349.56438
486.89250,30.38543,-19.41517,-2.81425,3474.68187
487.61254,30.48741,-19.44331,-2.81425,3598.13242
488.33561,30.58636,-19.47145,-2.81425,3719.79581
489.06165,30.68221,-19.49959,-2.81425,3839.55233
489.79060,30.77486,-19.52773,-2.81425,3957.28292
490.52239,30.86423,-19.55588,-2.81425,4072.86928
491.25697,30.95025,-19.58402,-2.81425,4186.19402
491.99426,31.03284,-19.61216,-2.81425,4297.14081
492.73419,31.11193,-19.64030,-2.81425,4405.59443
493.47669,31.18743,-19.66845,-2.81425,4511.44101
494.22169,31.25929,-19.69659,-2.81425,4614.56809
494.96912,31.32742,-19.72473,-2.81425,4714.86477
495.71888,31.39177,-19.75287,-2.81425,4812.22187
496.47090,31.45227,-19.78102,-2.81425,4906.53207
497.22511,31.50885,-19.80916,-2.81425,4997.69000
497.98141,31.56146,-19.83730,-2.81425,5085.59245
498.73973,31.61003,-19.86544,-2.81425,5170.13846
499.49997,31.65452,-19.89359,-2.81425,5251.22950
500.26205,31.69487,-19.92173,-2.81425,5328.76960
501.02588,31.73102,-19.94987,-2.81425,5402.66548
501.79136,31.76294,-19.97801,-2.81425,5472.82673
502.55841,31.79057,-20.00616,-2.81425,5539.16594
503.32693,31.81388,-20.03430,-2.81425,5601.59886
504.09683,31.83282,-20.06244,-2.81425,5660.04451
504.86800,31.84735,-20.09058,-2.81425,5714.42541
505.64037,31.85745,-20.11873,-2.81425,5764.66763
506.41381,31.86307,-20.14687,-2.81425,5810.70103
507.18824,31.86420,-20.17501,-2.81425,5852.45937
507.96357,31.86079,-20.20315,-2.81425,5889.88045
508.73967,31.85284,-20.23130,-2.81425,5922.90627
509.51647,31.84031,-20.25944,-2.81425,5951.48321
510.29385,31.82320,-20.28758,-2.81425,5975.56213
511.07172,31.80148,-20.31572,-2.81425,5995.09854
511.84996,31.77515,-20.34387,-2.81425,6010.05274
512.62849,31.74419,-20.37201,-2.81425,6020.38998
513.40719,31.70860,-20.40015,-2.81425,6026.08057
514.18597,31.66837,-20.42829,-2.81425,6027.10002
514.96472,31.62351,-20.45644,-2.81425,6023.42922
515.74333,31.57402,-20.48458,-2.81425,6015.05448
516.52171,31.51989,-20.51272,-2.81425,6001.96775
517.29976,31.46115,-20.54086,-2.81425,5984.16666
518.07736,31.39779,-20.56901,-2.81425,5961.65468
518.85443,31.32984,-20.59715,-2.81425,5934.44119
519.63085,31.25731,-20.62529,-2.81425,5902.54161
520.40652,31.18022,-20.65343,-2.81425,5865.97745
521.18136,31.09860,-20.68158,-2.81425,5824.77643
521.95524,31.01246,-20.70972,-2.81425,5778.97250
522.72809,30.92183,-20.73786,-2.81425,5728.60594
523.49979,30.82676,-20.76600,-2.81425,5673.72336
524.27026,30.72726,-20.79415,-2.81425,5614.37778
525.03939,30.62338,-20.82229,-2.81425,5550.62860
525.80709,30.51516,-20.85043,-2.81425,5482.54162
526.57327,30.40263,-20.87857,-2.81425,5410.18904
527.33783,30.28584,-20.90672,-2.81425,5333.64938
528.10068,30.16484,-20.93486,-2.81425,5253.00749
528.86174,30.03968,-20.96300,-2.81425,5168.35443
529.62090,29.91040,-20.99114,-2.81425,5079.78740
530.37809,29.77707,-21.01928,-2.81425,4987.40964
531.13322,29.63974,-21.04743,-2.81425,4891.33029
531.88621,29.49847,-21.07557,-2.81425,4791.66420
532.63697,29.35332,-21.10371,-2.81425,4688.53183
533.38542,29.20436,-21.13185,-2.81425,4582.05898
534.13148,29.05164,-21.16000,-2.81425,4472.37660
534.87508,28.89525,-21.18814,-2.81425,4359.62054
535.61614,28.73524,-21.21628,-2.81425,4243.93131
536.35459,28.57170,-21.24442,-2.81425,4125.45373
537.09036,28.40469,-21.27257,-2.81425,4004.33667
537.82338,28.23429,-21.30071,-2.81425,3880.73270
538.55358,28.06059,-21.32885,-2.81425,3754.79773
539.28089,27.88365,-21.35699,-2.81425,3626.69063
540.00526,27.70357,-21.38514,-2.81425,3496.57288
540.72663,27.52043,-21.41328,-2.81425,3364.60811
541.44493,27.33431,-21.44142,-2.81425,3230.96169
542.16012,27.14530,-21.46956,-2.81425,3095.80035
542.87214,26.95349,-21.49771,-2.81425,2959.29164
543.58094,26.75896,-21.52585,-2.81425,2821.60356
544.28648,26.56181,-21.55399,-2.81425,2682.90406
544.98870,26.36214,-21.58213,-2.81425,2543.36059
545.68757,26.16003,-21.61028,-2.81425,2403.13964
546.38304,25.95558,-21.63842,-2.81425,2262.40628
547.07509,25.74889,-21.66656,-2.81425,2121.32370
547.76367,25.54005,-21.69470,-2.81425,1980.05279
548.44876,25.32916,-21.72285,-2.81425,1838.75170
549.13032,25.11632,-21.75099,-2.81425,1697.57542
549.80833,24.90163,-21.77913,-2.81425,1556.67540
550.48277,24.68519,-21.80727,-2.81425,1416.19916
551.15361,24.46710,-21.83542,-2.81425,1276.28995
551.82084,24.24747,-21.86356,-2.81425,1137.08643
552.48445,24.02639,-21.89170,-2.81425,998.72238
553.14442,23.80396,-21.91984,-2.81425,861.32643
553.80075,23.58029,-21.94799,-2.81425,725.02183
554.45342,23.35549,-21.97613,-2.81425,589.92626
555.10244,23.12964,-22.00427,-2.81425,456.15168
555.74780,22.90287,-22.03241,-2.81425,323.80419
556.38951,22.67526,-22.06056,-2.81425,192.98396
557.02758,22.44693,-22.08870,-2.81425,63.78518
557.66201,22.21797,-22.11684,-2.81425,-63.70397
558.29281,21.98849,-22.14498,-2.81425,-189.40126
558.92000,21.75859,-22.17313,-2.81425,-313.23038
559.54359,21.52837,-22.20127,-2.81425,-435.12085
560.16361,21.29793,-22.22941,-2.81425,-555.00786
560.78008,21.06737,-22.25755,-2.81425,-672.83214
561.39302,20.83679,-22.28570,-2.81425,-788.53980
562.00246,20.60630,-22.31384,-2.81425,-902.08205
562.60844,20.37598,-22.34198,-2.81425,-1013.41504
563.21099,20.14593,-22.37012,-2.81425,-1122.49958
563.81014,19.91626,-22.39827,-2.81425,-1229.30085
563.77214,20.00069,-22.39827,-2.81425,-1229.30085
564.32995,20.00185,-22.42641,-2.81425,-1333.78815
564.88443,20.00357,-22.45455,-2.81425,-1435.93459
565.43565,20.00594,-22.48269,-2.81425,-1535.71679
565.98364,20.00906,-22.51084,-2.81425,-1633.11454
566.52847,20.01301,-22.53898,-2.81425,-1728.11055
567.07017,20.01788,-22.56712,-2.81425,-1820.69009
567.60881,20.02376,-22.59526,-2.81425,-1910.84068
568.14443,20.03074,-22.62340,-2.81425,-1998.55181
568.67711,20.03889,-22.65155,-2.81425,-2083.81465
569.20691,20.04831,-22.67969,-2.81425,-2166.62172
569.73388,20.05907,-22.70783,-2.81425,-2246.96667
570.25809,20.07125,-22.73597,-2.81425,-2324.84396
570.77962,20.08493,-22.76412,-2.81425,-2400.24868
571.29853,20.10017,-22.79226,-2.81425,-2473.17625
571.81490,20.11706,-22.82040,-2.81425,-2543.62228
572.32880,20.13567,-22.84854,-2.81425,-2611.58231
572.84030,20.15606,-22.87669,-2.81425,-2677.05165
573.34950,20.17829,-22.90483,-2.81425,-2740.02527
573.85646,20.20244,-22.93297,-2.81425,-2800.49760
574.36127,20.22857,-22.96111,-2.81425,-2858.46243
574.86401,20.25673,-22.98926,-2.81425,-2913.91284
575.36478,20.28698,-23.01740,-2.81425,-2966.84106
575.86365,20.31937,-23.04554,-2.81425,-3017.23847
576.36071,20.35397,-23.07368,-2.81425,-3065.09553
576.85606,20.39081,-23.10183,-2.81425,-3110.40173
577.34979,20.42994,-23.12997,-2.81425,-3153.14562
577.84199,20.47141,-23.15811,-2.81425,-3193.31479
578.33275,20.51526,-23.18625,-2.81425,-3230.89589
578.82217,20.56153,-23.21440,-2.81425,-3265.87467
579.31034,20.61026,-23.24254,-2.81425,-3298.23604
579.79737,20.66148,-23.27068,-2.81425,-3327.96410
580.28335,20.71521,-23.29882,-2.81425,-3355.04223
580.76837,20.77150,-23.32697,-2.81425,-3379.45316
581.25255,20.83036,-23.35511,-2.81425,-3401.17908
581.73597,20.89181,-23.38325,-2.81425,-3420.20169
582.21875,20.95588,-23.41139,-2.81425,-3436.50236
582.70098,21.02259,-23.43954,-2.81425,-3450.06219
583.18276,21.09194,-23.46768,-2.81425,-3460.86216
583.66420,21.16394,-23.49582,-2.81425,-3468.88323
584.14539,21.23862,-23.52396,-2.81425,-3474.10645
584.62645,21.31596,-23.55211,-2.81425,-3476.51313
585.10747,21.39598,-23.58025,-2.81425,-3476.08489
585.58856,21.47868,-23.60839,-2.81425,-3472.80388
586.06981,21.56404,-23.63653,-2.81425,-3466.65283
586.55134,21.65207,-23.66468,-2.81425,-3457.61520
587.03325,21.74275,-23.69282,-2.81425,-3445.67533
587.51563,21.83608,-23.72096,-2.81425,-3430.81853
587.99859,21.93203,-23.74910,-2.81425,-3413.03123
588.48223,22.03059,-23.77725,-2.81425,-3392.30109
588.96665,22.13174,-23.80539,-2.81425,-3368.61709
589.45195,22.23546,-23.83353,-2.81425,-3341.96970
589.93824,22.34172,-23.86167,-2.81425,-3312.35095
590.42560,22.45049,-23.88982,-2.81425,-3279.75455
590.91414,22.56175,-23.91796,-2.81425,-3244.17597
591.40395,22.67544,-23.94610,-2.81425,-3205.61260
591.89513,22.79154,-23.97424,-2.81425,-3164.06377
592.38778,22.91001,-24.00239,-2.81425,-3119.53088
592.88199,23.03081,-24.03053,-2.81425,-3072.01750
593.37784,23.15389,-24.05867,-2.81425,-3021.52941
593.87544,23.27920,-24.08681,-2.81425,-2968.07471
594.37487,23.40669,-24.11495,-2.81425,-2911.66386
594.87622,23.53631,-24.14310,-2.81425,-2852.30976
595.37958,23.66800,-24.17124,-2.81425,-2790.02784
595.88503,23.80171,-24.19938,-2.81425,-2724.83606
596.39265,23.93738,-24.22752,-2.81425,-2656.75499
596.90253,24.07494,-24.25567,-2.81425,-2585.80787
597.41475,24.21433,-24.28381,-2.81425,-2512.02062
597.92938,24.35548,-24.31195,-2.81425,-2435.42187
598.44651,24.49833,-24.34009,-2.81425,-2356.04305
598.96620,24.64280,-24.36824,-2.81425,-2273.91834
599.48853,24.78881,-24.39638,-2.81425,-2189.08473
600.01356,24.93630,-24.42452,-2.81425,-2101.58204
600.54138,25.08519,-24.45266,-2.81425,-2011.45290
601.07203,25.23540,-24.48081,-2.81425,-1918.74278
601.60559,25.38684,-24.50895,-2.81425,-1823.50002
602.14212,25.53943,-24.53709,-2.81425,-1725.77574
602.68167,25.69310,-24.56523,-2.81425,-1625.62392
603.22431,25.84775,-24.59338,-2.81425,-1523.10136
603.77008,26.00330,-24.62152,-2.81425,-1418.26763
604.31904,26.15965,-24.64966,-2.81425,-1311.18511
604.87123,26.31672,-24.67780,-2.81425,-1201.91892
605.42671,26.47441,-24.70595,-2.81425,-1090.53689
605.98552,26.63264,-24.73409,-2.81425,-977.10958
606.54769,26.79130,-24.76223,-2.81425,-861.71017
607.11328,26.95031,-24.79037,-2.81425,-744.41450
607.68230,27.10956,-24.81852,-2.81425,-625.30094
608.25480,27.26897,-24.84666,-2.81425,-504.45043
608.83081,27.42842,-24.87480,-2.81425,-381.94636
609.41035,27.58782,-24.90294,-2.81425,-257.87457
609.99345,27.74708,-24.93109,-2.81425,-132.32325
610.58013,27.90608,-24.95923,-2.81425,-5.38289
611.17042,28.06474,-24.98737,-2.81425,122.85373
611.76432,28.22295,-25.01551,-2.81425,252.29170
612.36184,28.38060,-25.04366,-2.81425,382.83397
612.96301,28.53759,-25.07180,-2.81425,514.38145
613.56783,28.69383,-25.09994,-2.81425,646.83310
614.17630,28.84921,-25.12808,-2.81425,780.08597
614.78843,29.00362,-25.15623,-2.81425,914.03533
615.40421,29.15696,-25.18437,-2.81425,1048.57469
616.02364,29.30914,-25.21251,-2.81425,1183.59595
616.64671,29.46004,-25.24065,-2.81425,1318.98942
617.27342,29.60957,-25.26880,-2.81425,1454.64398
617.90375,29.75762,-25.29694,-2.81425,1590.44712
618.53769,29.90410,-25.32508,-2.81425,1726.28503
619.17521,30.04889,-25.35322,-2.81425,1862.04276
619.81630,30.19191,-25.38137,-2.81425,1997.60425
620.46093,30.33304,-25.40951,-2.81425,2132.85244
621.10908,30.47219,-25.43765,-2.81425,2267.66942
621.76071,30.60927,-25.46579,-2.81425,2401.93647
622.41580,30.74417,-25.49394,-2.81425,2535.53422
623.07431,30.87679,-25.52208,-2.81425,2668.34274
623.73620,31.00705,-25.55022,-2.81425,2800.24161
624.40143,31.13485,-25.57836,-2.81425,2931.11011
625.06996,31.26008,-25.60651,-2.81425,3060.82727
625.74175,31.38267,-25.63465,-2.81425,3189.27201
626.41673,31.50252,-25.66279,-2.81425,3316.32324
627.09487,31.61955,-25.69093,-2.81425,3441.86002
627.77611,31.73365,-25.71907,-2.81425,3565.76163
628.46040,31.84475,-25.74722,-2.81425,3687.90773
629.14767,31.95276,-25.77536,-2.81425,3808.17845
629.83787,32.05761,-25.80350,-2.81425,3926.45455
630.53093,32.15919,-25.83164,-2.81425,4042.61752
631.22679,32.25745,-25.85979,-2.81425,4156.54973
631.92538,32.35230,-25.88793,-2.81425,4268.13453
632.62663,32.44365,-25.91607,-2.81425,4377.25641
633.33047,32.53145,-25.94421,-2.81425,4483.80114
634.03683,32.61562,-25.97236,-2.81425,4587.65585
634.74562,32.69608,-26.00050,-2.81425,4688.70924
635.45679,32.77278,-26.02864,-2.81425,4786.85166
636.17023,32.84564,-26.05678,-2.81425,4881.97528
636.88588,32.91460,-26.08493,-2.81425,4973.97419
637.60365,32.97961,-26.11307,-2.81425,5062.74462
638.32345,33.04059,-26.14121,-2.81425,5148.18499
639.04520,33.09751,-26.16935,-2.81425,5230.19613
639.76881,33.15029,-26.19750,-2.81425,5308.68135
640.49420,33.19890,-26.22564,-2.81425,5383.54668
641.22126,33.24328,-26.25378,-2.81425,5454.70092
641.94991,33.28339,-26.28192,-2.81425,5522.05586
642.68006,33.31919,-26.31007,-2.81425,5585.52640
643.41162,33.35062,-26.33821,-2.81425,5645.03069
644.14447,33.37766,-26.36635,-2.81425,5700.49030
644.87854,33.40027,-26.39449,-2.81425,5751.83037
645.61372,33.41842,-26.42264,-2.81425,5798.97973
646.34991,33.43208,-26.45078,-2.81425,5841.87111
647.08701,33.44121,-26.47892,-2.81425,5880.44121
647.82493,33.44580,-26.50706,-2.81425,5914.63093
648.56356,33.44583,-26.53521,-2.81425,5944.38547
649.30281,33.44127,-26.56335,-2.81425,5969.65449
650.04257,33.43211,-26.59149,-2.81425,5990.39227
650.78273,33.41834,-26.61963,-2.81425,6006.55784
651.52320,33.39994,-26.64778,-2.81425,6018.11512
652.26388,33.37691,-26.67592,-2.81425,6025.03307
653.00465,33.34925,-26.70406,-2.81425,6027.28583
653.74543,33.31695,-26.73220,-2.81425,6024.85285
654.48609,33.28002,-26.76035,-2.81425,6017.71900
655.22656,33.23846,-26.78849,-2.81425,6005.87472
655.96671,33.19227,-26.81663,-2.81425,5989.31616
656.70645,33.14148,-26.84477,-2.81425,5968.04521
657.44567,33.08608,-26.87292,-2.81425,5942.06971
658.18428,33.02610,-26.90106,-2.81425,5911.40346
658.92217,32.96155,-26.92920,-2.81425,5876.06637
659.65924,32.89246,-26.95734,-2.81425,5836.08450
660.39540,32.81885,-26.98549,-2.81425,5791.49016
661.13054,32.74075,-27.01363,-2.81425,5742.32196
661.86456,32.65819,-27.04177,-2.81425,5688.62484
662.59737,32.57119,-27.06991,-2.81425,5630.45013
663.32887,32.47981,-27.09806,-2.81425,5567.85553
664.05896,32.38407,-27.12620,-2.81425,5500.90517
664.78756,32.28401,-27.15434,-2.81425,5429.66956
665.51457,32.17969,-27.18248,-2.81425,5354.22556
666.23988,32.07114,-27.21063,-2.81425,5274.65636
666.96343,31.95841,-27.23877,-2.81425,5191.05138
667.68511,31.84156,-27.26691,-2.81425,5103.50623
668.40484,31.72063,-27.29505,-2.81425,5012.12256
669.12253,31.59569,-27.32319,-2.81425,4917.00797
669.83810,31.46680,-27.35134,-2.81425,4818.27581
670.55146,31.33401,-27.37948,-2.81425,4716.04510
671.26253,31.19738,-27.40762,-2.81425,4610.44023
671.97124,31.05699,-27.43576,-2.81425,4501.59083
672.67751,30.91290,-27.46391,-2.81425,4389.63149
673.38125,30.76518,-27.49205,-2.81425,4274.70151
674.08241,30.61391,-27.52019,-2.81425,4156.94460
674.78090,30.45915,-27.54833,-2.81425,4036.50860
675.47665,30.30098,-27.57648,-2.81425,3913.54513
676.16961,30.13948,-27.60462,-2.81425,3788.20926
676.85970,29.97474,-27.63276,-2.81425,3660.65913
677.54686,29.80682,-27.66090,-2.81425,3531.05555
678.23103,29.63582,-27.68905,-2.81425,3399.56163
678.91216,29.46182,-27.71719,-2.81425,3266.34233
679.59018,29.28490,-27.74533,-2.81425,3131.56406
680.26505,29.10516,-27.77347,-2.81425,2995.39419
680.93671,28.92269,-27.80162,-2.81425,2858.00066
681.60512,28.73756,-27.82976,-2.81425,2719.55148
682.27023,28.54989,-27.85790,-2.81425,2580.21426
682.93199,28.35976,-27.88604,-2.81425,2440.15579
683.59037,28.16726,-27.91419,-2.81425,2299.54157
684.24533,27.97249,-27.94233,-2.81425,2158.53532
684.89684,27.77555,-27.97047,-2.81425,2017.29858
685.54486,27.57653,-27.99861,-2.81425,1875.99027
686.18936,27.37554,-28.02676,-2.81425,1734.76624
686.83032,27.17267,-28.05490,-2.81425,1593.77892
687.46771,26.96803,-28.08304,-2.81425,1453.17690
688.10151,26.76171,-28.11118,-2.81425,1313.10458
688.73170,26.55381,-28.13933,-2.81425,1173.70186
689.35828,26.34444,-28.16747,-2.81425,1035.10385
689.98122,26.13370,-28.19561,-2.81425,897.44054
690.60051,25.92170,-28.22375,-2.81425,760.83663
691.21615,25.70852,-28.25190,-2.81425,625.41128
691.82814,25.49429,-28.28004,-2.81425,491.27797
692.43648,25.27909,-28.30818,-2.81425,358.54436
693.04116,25.06304,-28.33632,-2.81425,227.31218
693.64220,24.84623,-28.36447,-2.81425,97.67721
694.23959,24.62877,-28.39261,-2.81425,-30.27079
694.83335,24.41076,-28.42075,-2.81425,-156.44803
695.42350,24.19230,-28.44889,-2.81425,-280.77664
696.01005,23.97350,-28.47704,-2.81425,-403.18462
696.59302,23.75445,-28.50518,-2.81425,-523.60568
697.17243,23.53525,-28.53332,-2.81425,-641.97911
697.74831,23.31601,-28.56146,-2.81425,-758.24961
698.32068,23.09683,-28.58961,-2.81425,-872.36708
698.88957,22.87780,-28.61775,-2.81425,-984.28638
699.45503,22.65901,-28.64589,-2.81425,-1093.96712
700.01708,22.44058,-28.67403,-2.81425,-1201.37336
700.57576,22.22258,-28.70218,-2.81425,-1306.47334
701.13111,22.00512,-28.73032,-2.81425,-1409.23920
701.68319,21.78829,-28.75846,-2.81425,-1509.64665
702.23203,21.57218,-28.78660,-2.81425,-1607.67469
702.77768,21.35688,-28.81474,-2.81425,-1703.30529
703.32020,21.14248,-28.84289,-2.81425,-1796.52306
703.85964,20.92906,-28.87103,-2.81425,-1887.31497
704.39606,20.71672,-28.89917,-2.81425,-1975.67003
704.92951,20.50554,-28.92731,-2.81425,-2061.57897
705.46006,20.29560,-28.95546,-2.81425,-2145.03399
705.98776,20.08697,-28.98360,-2.81425,-2226.02847
706.51270,19.87975,-29.01174,-2.81425,-2304.55669
